last_name,email
Burks,debra.burks@yahoo.com
Todd,kasha.todd@yahoo.com
Fisher,tameka.fisher@aol.com
Spence,daryl.spence@aol.com
Rice,charolette.rice@msn.com
Bean,lyndsey.bean@hotmail.com
Hays,latasha.hays@hotmail.com
Duncan,jacquline.duncan@yahoo.com
Baldwin,genoveva.baldwin@msn.com
Newman,pamelia.newman@gmail.com
Mendoza,deshawn.mendoza@yahoo.com
Sykes,robby.sykes@hotmail.com
Ortiz,lashawn.ortiz@msn.com
Espinoza,garry.espinoza@hotmail.com
Branch,linnie.branch@gmail.com
Sanchez,emmitt.sanchez@hotmail.com
Stephens,caren.stephens@msn.com
Hardin,georgetta.hardin@aol.com
Stein,lizzette.stein@yahoo.com
Shepard,aleta.shepard@aol.com
Little,tobie.little@gmail.com
Larsen,adelle.larsen@gmail.com
English,kaylee.english@msn.com
Wall,corene.wall@msn.com
Vaughan,regenia.vaughan@gmail.com
Reese,theo.reese@gmail.com
Valencia,santos.valencia@yahoo.com
Frost,jeanice.frost@hotmail.com
Hendricks,syreeta.hendricks@msn.com
Albert,jamaal.albert@gmail.com
Holloway,williemae.holloway@msn.com
Golden,araceli.golden@msn.com
Burke,deloris.burke@hotmail.com
Woodward,brittney.woodward@aol.com
Noble,guillermina.noble@msn.com
Mcdaniel,bernita.mcdaniel@hotmail.com
Brady,melia.brady@gmail.com
Browning,zelma.browning@aol.com
Aguirre,janetta.aguirre@aol.com
Butler,ronna.butler@gmail.com
Freeman,kathie.freeman@msn.com
Quinn,tangela.quinn@aol.com
Carter,mozelle.carter@aol.com
Johns,onita.johns@msn.com
Armstrong,bennett.armstrong@aol.com
Berg,monika.berg@gmail.com
Guerra,bridgette.guerra@hotmail.com
Jackson,cesar.jackson@gmail.com
Hays,caroll.hays@yahoo.com
Booth,cleotilde.booth@gmail.com
Rhodes,gertrud.rhodes@aol.com
Ramirez,tu.ramirez@hotmail.com
Garner,saturnina.garner@gmail.com
Yang,fran.yang@hotmail.com
Guerra,diana.guerra@hotmail.com
Mosley,lolita.mosley@hotmail.com
Henry,pamala.henry@aol.com
Dorsey,damien.dorsey@yahoo.com
Stanley,latasha.stanley@gmail.com
Mccall,neil.mccall@gmail.com
Aguilar,elinore.aguilar@msn.com
Hunter,alica.hunter@hotmail.com
Lyons,tenisha.lyons@aol.com
Foster,bobbie.foster@yahoo.com
Vega,kanesha.vega@gmail.com
Becker,lorrie.becker@yahoo.com
Melton,tommie.melton@gmail.com
Kirkland,jayne.kirkland@hotmail.com
Kennedy,katelin.kennedy@gmail.com
Carson,tomasa.carson@aol.com
Casey,takako.casey@aol.com
Norris,petronila.norris@aol.com
Hayes,melanie.hayes@msn.com
Waller,georgeann.waller@yahoo.com
Gamble,abby.gamble@aol.com
Prince,parker.prince@hotmail.com
Bridges,keri.bridges@gmail.com
Goff,chi.goff@aol.com
Parks,ashanti.parks@hotmail.com
Mckee,sarai.mckee@msn.com
Bonner,zina.bonner@hotmail.com
Joyner,lizzie.joyner@msn.com
Daniel,tiesha.daniel@yahoo.com
Whitehead,armand.whitehead@hotmail.com
Fischer,teofila.fischer@aol.com
Vargas,lissa.vargas@yahoo.com
Mcgowan,yan.mcgowan@msn.com
Bullock,titus.bullock@gmail.com
Osborn,arvilla.osborn@gmail.com
Logan,marjorie.logan@msn.com
Mullins,marvin.mullins@aol.com
Cruz,tena.cruz@yahoo.com
Sawyer,corrina.sawyer@yahoo.com
Hopkins,sharyn.hopkins@hotmail.com
Franco,letitia.franco@aol.com
Higgins,floretta.higgins@hotmail.com
Martin,louanne.martin@hotmail.com
Valenzuela,violet.valenzuela@msn.com
Kidd,carie.kidd@yahoo.com
Franco,kellie.franco@yahoo.com
Howell,nichelle.howell@aol.com
Goodman,marisol.goodman@gmail.com
Wilkerson,sylvie.wilkerson@yahoo.com
Bates,katharina.bates@gmail.com
Hodge,marget.hodge@msn.com
Melendez,raul.melendez@hotmail.com
Hopper,cecil.hopper@yahoo.com
Hickman,shae.hickman@hotmail.com
Sears,monica.sears@aol.com
Zimmerman,ollie.zimmerman@yahoo.com
White,shila.white@msn.com
Vega,yuk.vega@yahoo.com
Silva,eliana.silva@gmail.com
Horne,thalia.horne@yahoo.com
Lindsay,rey.lindsay@gmail.com
Vinson,merlene.vinson@gmail.com
William,dacia.william@msn.com
Wood,le.wood@yahoo.com
Dillard,thalia.dillard@yahoo.com
House,luz.house@gmail.com
Woods,lucy.woods@gmail.com
Carter,shena.carter@yahoo.com
Hill,robena.hill@hotmail.com
Booker,jeni.booker@gmail.com
Stone,herlinda.stone@msn.com
Dejesus,lavina.dejesus@msn.com
Nielsen,erlinda.nielsen@aol.com
Lynn,terrance.lynn@yahoo.com
Dejesus,walton.dejesus@yahoo.com
Stanton,wes.stanton@msn.com
Hampton,tanesha.hampton@hotmail.com
Irwin,boyd.irwin@hotmail.com
Wilkins,delbert.wilkins@aol.com
Moss,brianna.moss@msn.com
Jackson,dorthey.jackson@msn.com
Parks,sarita.parks@msn.com
Mercer,shonta.mercer@aol.com
Bernard,jone.bernard@hotmail.com
Davenport,wanita.davenport@aol.com
Tate,cleopatra.tate@aol.com
Byers,ramiro.byers@gmail.com
Vazquez,nicholas.vazquez@hotmail.com
Doyle,janae.doyle@gmail.com
Price,hans.price@hotmail.com
Neal,miquel.neal@hotmail.com
Potter,stefany.potter@gmail.com
Marquez,bernetta.marquez@hotmail.com
Woodard,julee.woodard@yahoo.com
Bryan,meredith.bryan@hotmail.com
Michael,weldon.michael@hotmail.com
Delacruz,joesph.delacruz@aol.com
Odom,katherina.odom@yahoo.com
Robbins,laraine.robbins@yahoo.com
Preston,jenise.preston@yahoo.com
Page,lory.page@hotmail.com
Cantrell,charlyn.cantrell@yahoo.com
Rodriquez,carola.rodriquez@hotmail.com
Kennedy,alane.kennedy@yahoo.com
Burns,regina.burns@aol.com
Estrada,omer.estrada@gmail.com
Gilliam,crystle.gilliam@yahoo.com
Wilder,kam.wilder@hotmail.com
Stevens,margert.stevens@aol.com
Larson,tomika.larson@yahoo.com
Burch,jeromy.burch@msn.com
Mills,lena.mills@yahoo.com
Johnston,loreta.johnston@yahoo.com
Mcdaniel,nettie.mcdaniel@hotmail.com
Kirk,karla.kirk@yahoo.com
Gonzales,regine.gonzales@gmail.com
Baker,miriam.baker@hotmail.com
Kirkland,jeanie.kirkland@aol.com
Dawson,marquerite.dawson@gmail.com
Ochoa,babara.ochoa@aol.com
Hess,nova.hess@msn.com
Reynolds,carley.reynolds@gmail.com
Foreman,carissa.foreman@msn.com
Tyler,genoveva.tyler@gmail.com
Sears,deane.sears@hotmail.com
Steele,karey.steele@gmail.com
Pitts,olevia.pitts@gmail.com
Bullock,jenniffer.bullock@msn.com
Ratliff,jeniffer.ratliff@gmail.com
Stanley,klara.stanley@aol.com
Lee,morton.lee@yahoo.com
Charles,ken.charles@msn.com
Paul,hedwig.paul@msn.com
Flynn,sharla.flynn@hotmail.com
Dawson,damian.dawson@hotmail.com
Pratt,toya.pratt@yahoo.com
Barber,graciela.barber@hotmail.com
Hebert,bong.hebert@gmail.com
Rhodes,ayanna.rhodes@msn.com
Roberson,dorine.roberson@msn.com
Hahn,addie.hahn@hotmail.com
Valencia,edythe.valencia@yahoo.com
O'neill,andy.o'neill@msn.com
Tyler,luis.tyler@gmail.com
Workman,clelia.workman@yahoo.com
Holmes,ashely.holmes@aol.com
Harding,candis.harding@gmail.com
Bolton,marni.bolton@msn.com
Decker,minerva.decker@yahoo.com
King,alpha.king@hotmail.com
Pittman,harris.pittman@yahoo.com
Riddle,stephaine.riddle@hotmail.com
Blankenship,michel.blankenship@msn.com
Logan,denis.logan@msn.com
Everett,jutta.everett@gmail.com
Wilkins,priscilla.wilkins@aol.com
Dejesus,gilma.dejesus@yahoo.com
Bridges,buford.bridges@msn.com
Hensley,elenore.hensley@hotmail.com
Pugh,ross.pugh@msn.com
Finley,judith.finley@hotmail.com
Soto,wai.soto@msn.com
Collier,carline.collier@msn.com
Gill,casey.gill@gmail.com
Morgan,darcie.morgan@aol.com
Sherman,lucio.sherman@gmail.com
Mooney,clementine.mooney@yahoo.com
Contreras,anya.contreras@msn.com
Yates,scarlet.yates@hotmail.com
Pope,moses.pope@yahoo.com
Riggs,barbera.riggs@aol.com
Rivera,kiana.rivera@gmail.com
Bond,danielle.bond@msn.com
Estes,whitney.estes@gmail.com
Langley,molly.langley@aol.com
Hardin,chelsey.hardin@hotmail.com
Rasmussen,jenee.rasmussen@hotmail.com
Mathis,freddie.mathis@hotmail.com
Strong,mariana.strong@msn.com
Harris,winfred.harris@msn.com
Elliott,jeromy.elliott@gmail.com
O'neill,verona.o'neill@hotmail.com
Peck,elvera.peck@yahoo.com
Larson,cindi.larson@msn.com
Guzman,felice.guzman@hotmail.com
Deleon,le.deleon@msn.com
Sanchez,manie.sanchez@hotmail.com
Howell,rutha.howell@gmail.com
Rowland,natosha.rowland@aol.com
Bray,jessika.bray@yahoo.com
Hamilton,delila.hamilton@yahoo.com
Norris,dionne.norris@yahoo.com
Juarez,muriel.juarez@gmail.com
Gill,cecelia.gill@aol.com
Eaton,magda.eaton@aol.com
Yang,ivonne.yang@gmail.com
Rodriquez,kasie.rodriquez@aol.com
Gordon,eleni.gordon@hotmail.com
Norton,maurice.norton@hotmail.com
Hutchinson,cristobal.hutchinson@gmail.com
Holder,flossie.holder@msn.com
Salinas,erma.salinas@gmail.com
Stanley,earl.stanley@gmail.com
William,maribel.william@aol.com
Velazquez,johnathan.velazquez@hotmail.com
Shelton,rodrick.shelton@hotmail.com
Kline,ferne.kline@hotmail.com
Decker,rubin.decker@gmail.com
Jarvis,dortha.jarvis@yahoo.com
Huffman,mariela.huffman@gmail.com
Farley,mellisa.farley@yahoo.com
Hooper,myung.hooper@gmail.com
Lloyd,angelina.lloyd@yahoo.com
Riddle,trinity.riddle@aol.com
Crosby,barton.crosby@msn.com
Wise,claudio.wise@hotmail.com
Marks,katheleen.marks@yahoo.com
Chaney,deja.chaney@hotmail.com
Vance,queenie.vance@gmail.com
Shaw,josh.shaw@gmail.com
Kirkland,pinkie.kirkland@yahoo.com
Wright,lavette.wright@msn.com
Garrett,mark.garrett@msn.com
Burgess,myesha.burgess@gmail.com
Long,justina.long@aol.com
Tate,brenda.tate@msn.com
Perry,rayna.perry@hotmail.com
Chase,randolph.chase@yahoo.com
Day,jaimee.day@aol.com
Bass,susann.bass@msn.com
Gould,leola.gould@gmail.com
Frost,virgil.frost@gmail.com
Puckett,mireille.puckett@hotmail.com
Massey,keturah.massey@msn.com
Webster,charmain.webster@hotmail.com
Buckner,barry.buckner@gmail.com
Burks,boyce.burks@gmail.com
Frost,monty.frost@aol.com
French,tiny.french@hotmail.com
Sargent,clementina.sargent@hotmail.com
Kim,danny.kim@msn.com
Mcmillan,sophia.mcmillan@msn.com
Carson,christia.carson@gmail.com
Middleton,jennie.middleton@gmail.com
Riggs,jame.riggs@hotmail.com
Simon,rayford.simon@msn.com
Garrett,annett.garrett@yahoo.com
Cross,hayden.cross@gmail.com
Larsen,rolanda.larsen@yahoo.com
Zamora,jayme.zamora@gmail.com
Cotton,hope.cotton@aol.com
Erickson,vikki.erickson@yahoo.com
Nicholson,fransisca.nicholson@aol.com
Fernandez,mazie.fernandez@hotmail.com
Martin,anderson.martin@hotmail.com
Parsons,gilberto.parsons@gmail.com
Burt,charise.burt@aol.com
Carroll,cameron.carroll@yahoo.com
Jarvis,melani.jarvis@hotmail.com
Nichols,javier.nichols@msn.com
Jenkins,justina.jenkins@yahoo.com
Graham,hortencia.graham@aol.com
Wilkins,christia.wilkins@msn.com
Whitney,eliz.whitney@msn.com
Newton,justin.newton@hotmail.com
Wiggins,aron.wiggins@aol.com
Hardin,chere.hardin@yahoo.com
Preston,merideth.preston@yahoo.com
Slater,jeniffer.slater@aol.com
Paul,laureen.paul@yahoo.com
Moore,berna.moore@hotmail.com
Calderon,shiela.calderon@msn.com
Alvarez,sharie.alvarez@msn.com
Glover,bettie.glover@gmail.com
Frank,marilyn.frank@aol.com
Knapp,sheba.knapp@aol.com
Mack,aleta.mack@yahoo.com
Higgins,reena.higgins@gmail.com
Mcmahon,ami.mcmahon@aol.com
Jordan,somer.jordan@msn.com
Reed,scarlet.reed@hotmail.com
Johnson,trisha.johnson@msn.com
Wyatt,majorie.wyatt@yahoo.com
Pugh,abbey.pugh@gmail.com
Harrell,tamela.harrell@aol.com
Bradshaw,yanira.bradshaw@gmail.com
Scott,delana.scott@yahoo.com
Pruitt,cassondra.pruitt@aol.com
Fields,jesica.fields@yahoo.com
Rollins,herta.rollins@msn.com
Gray,mi.gray@aol.com
Barnett,jacalyn.barnett@gmail.com
Hudson,kanesha.hudson@gmail.com
Witt,darren.witt@aol.com
Pratt,mable.pratt@gmail.com
Mccall,christoper.mccall@msn.com
Wynn,margorie.wynn@gmail.com
Greer,josef.greer@gmail.com
Whitney,tisa.whitney@yahoo.com
Armstrong,tonda.armstrong@aol.com
Weiss,arvilla.weiss@msn.com
Rosario,vashti.rosario@yahoo.com
Cole,sheri.cole@aol.com
Giles,kandace.giles@msn.com
Powers,angie.powers@aol.com
Peters,van.peters@yahoo.com
Berg,virgina.berg@yahoo.com
Noel,olevia.noel@yahoo.com
Gallegos,kaci.gallegos@gmail.com
Chang,bev.chang@yahoo.com
Rojas,rodger.rojas@yahoo.com
Anderson,lavonne.anderson@aol.com
Hooper,blanca.hooper@msn.com
Powers,alysha.powers@msn.com
Singleton,mary.singleton@hotmail.com
Cooper,jina.cooper@aol.com
Duncan,loni.duncan@gmail.com
Roman,collene.roman@aol.com
Trevino,mariette.trevino@aol.com
Coffey,candelaria.coffey@aol.com
Trevino,yan.trevino@gmail.com
Patrick,elanor.patrick@aol.com
Mosley,klara.mosley@gmail.com
O'neal,rosalba.o'neal@yahoo.com
Carrillo,mina.carrillo@aol.com
Horne,alesia.horne@aol.com
Alvarez,kristen.alvarez@aol.com
Webster,collin.webster@aol.com
Pena,ashlee.pena@aol.com
Merritt,aimee.merritt@yahoo.com
Ward,rochelle.ward@yahoo.com
Beck,nelle.beck@aol.com
Walters,kaila.walters@msn.com
Stone,aleta.stone@aol.com
Short,leif.short@gmail.com
Pollard,lorrie.pollard@yahoo.com
Ball,vernita.ball@gmail.com
Bush,cyndi.bush@gmail.com
Terry,gertrude.terry@hotmail.com
Clemons,virgen.clemons@gmail.com
Robinson,fairy.robinson@msn.com
Hernandez,laverna.hernandez@hotmail.com
Wilcox,jeannie.wilcox@yahoo.com
Mercado,suellen.mercado@yahoo.com
Hess,bart.hess@aol.com
Dodson,alfredo.dodson@hotmail.com
Barnett,shaunda.barnett@gmail.com
Morton,kerrie.morton@hotmail.com
Fry,elouise.fry@aol.com
Steele,augustus.steele@aol.com
Page,greta.page@hotmail.com
O'neill,kerrie.o'neill@gmail.com
Guerrero,dannette.guerrero@gmail.com
Fitzgerald,edra.fitzgerald@msn.com
Bolton,jerome.bolton@msn.com
Slater,conception.slater@gmail.com
Case,octavia.case@aol.com
Roberts,dexter.roberts@gmail.com
Edwards,ginette.edwards@hotmail.com
Haley,romaine.haley@aol.com
Miller,gwendolyn.miller@msn.com
Fuller,luke.fuller@hotmail.com
Patton,zoraida.patton@aol.com
Webster,georgeanna.webster@msn.com
Marshall,krystin.marshall@hotmail.com
Schneider,vince.schneider@hotmail.com
Rasmussen,iola.rasmussen@yahoo.com
Saunders,valery.saunders@msn.com
Powers,johna.powers@hotmail.com
Hurst,charleen.hurst@yahoo.com
Joyner,augustina.joyner@aol.com
Ward,daisy.ward@msn.com
Dixon,latonya.dixon@hotmail.com
Padilla,hipolito.padilla@hotmail.com
Casey,emmett.casey@yahoo.com
Mcneil,kandi.mcneil@msn.com
Marsh,luciano.marsh@aol.com
Holt,julius.holt@aol.com
Nieves,holly.nieves@aol.com
Little,douglass.little@hotmail.com
Hobbs,izola.hobbs@gmail.com
Camacho,honey.camacho@gmail.com
Barry,laureen.barry@yahoo.com
Herrera,katharine.herrera@hotmail.com
Rosario,sunshine.rosario@aol.com
Todd,yevette.todd@aol.com
Walker,dorthea.walker@aol.com
Munoz,alane.munoz@gmail.com
Keith,ayana.keith@hotmail.com
Compton,caridad.compton@aol.com
Ballard,earline.ballard@hotmail.com
Bradley,nathanael.bradley@aol.com
Tran,chasidy.tran@msn.com
Bright,janella.bright@aol.com
Schultz,josie.schultz@hotmail.com
Michael,ellsworth.michael@yahoo.com
Wooten,jennette.wooten@msn.com
Nichols,cassandra.nichols@yahoo.com
Wyatt,courtney.wyatt@gmail.com
Palmer,terese.palmer@hotmail.com
Cherry,sherita.cherry@gmail.com
Hensley,serina.hensley@yahoo.com
Farley,jeni.farley@aol.com
Vega,everett.vega@yahoo.com
Dalton,latosha.dalton@yahoo.com
Myers,romelia.myers@msn.com
Jenkins,effie.jenkins@msn.com
Oliver,efren.oliver@gmail.com
Rios,jerlene.rios@yahoo.com
Mcbride,bess.mcbride@yahoo.com
Kramer,birdie.kramer@hotmail.com
Hayes,collen.hayes@yahoo.com
Neal,clare.neal@msn.com
Herman,jeanett.herman@hotmail.com
Rutledge,micki.rutledge@aol.com
Walker,loise.walker@aol.com
Summers,burma.summers@yahoo.com
Ruiz,myron.ruiz@gmail.com
Richardson,lashawna.richardson@hotmail.com
Orr,lavern.orr@hotmail.com
Peck,alec.peck@hotmail.com
Richardson,christopher.richardson@gmail.com
Weber,arminda.weber@yahoo.com
Hahn,emmett.hahn@hotmail.com
Mejia,gertha.mejia@yahoo.com
Weaver,garland.weaver@gmail.com
Rutledge,jayson.rutledge@yahoo.com
Knapp,narcisa.knapp@aol.com
Sims,gayla.sims@gmail.com
Boyd,chelsey.boyd@yahoo.com
Miles,catherine.miles@msn.com
Marshall,valeri.marshall@hotmail.com
Madden,grace.madden@gmail.com
Hawkins,joaquin.hawkins@aol.com
Vazquez,kirstie.vazquez@gmail.com
Mcdonald,yu.mcdonald@aol.com
Jacobs,celestine.jacobs@gmail.com
Thompson,justa.thompson@aol.com
Alvarado,lise.alvarado@gmail.com
Fox,pearl.fox@yahoo.com
Goodman,travis.goodman@yahoo.com
Mays,shu.mays@gmail.com
Fowler,ezra.fowler@hotmail.com
Young,edda.young@gmail.com
Ashley,lidia.ashley@hotmail.com
Lester,moira.lester@msn.com
Hicks,tony.hicks@gmail.com
Baxter,malinda.baxter@yahoo.com
Jefferson,marlo.jefferson@gmail.com
Henderson,tiana.henderson@aol.com
Petersen,wilda.petersen@aol.com
Pitts,irving.pitts@msn.com
Pena,sheree.pena@yahoo.com
Taylor,vance.taylor@msn.com
Pickett,terra.pickett@aol.com
Delacruz,faustino.delacruz@msn.com
Moody,julienne.moody@hotmail.com
Greer,hee.greer@hotmail.com
Cash,whitney.cash@gmail.com
Curry,clarita.curry@hotmail.com
Dickson,reita.dickson@hotmail.com
Kinney,rosa.kinney@yahoo.com
Gilbert,buford.gilbert@yahoo.com
Powers,homer.powers@msn.com
Gilliam,rudolf.gilliam@aol.com
Herman,andreas.herman@msn.com
Charles,max.charles@gmail.com
Fischer,tammera.fischer@hotmail.com
Robertson,joshua.robertson@gmail.com
Horn,larraine.horn@msn.com
Mayer,andreas.mayer@hotmail.com
Moran,lazaro.moran@gmail.com
Juarez,afton.juarez@gmail.com
Schroeder,angele.schroeder@yahoo.com
Clements,ellena.clements@aol.com
Austin,selene.austin@msn.com
Bowen,kimberely.bowen@hotmail.com
Delgado,mia.delgado@yahoo.com
Clay,garret.clay@yahoo.com
Haney,alejandro.haney@msn.com
Olsen,inge.olsen@msn.com
Bradford,christiane.bradford@gmail.com
Bentley,carter.bentley@yahoo.com
Ayala,sherie.ayala@msn.com
Acevedo,jamika.acevedo@yahoo.com
Randolph,shery.randolph@hotmail.com
Burton,lanita.burton@msn.com
Byers,timothy.byers@msn.com
Young,jasmin.young@gmail.com
Mendez,catarina.mendez@hotmail.com
Rollins,tajuana.rollins@msn.com
Castro,thad.castro@msn.com
Huber,tena.huber@gmail.com
Alvarez,dori.alvarez@msn.com
Arnold,elmo.arnold@aol.com
Golden,felicidad.golden@yahoo.com
Crane,jenine.crane@msn.com
Key,lea.key@yahoo.com
Cooper,rory.cooper@gmail.com
Nieves,hilde.nieves@gmail.com
Benjamin,marry.benjamin@yahoo.com
Goff,vernell.goff@msn.com
Cook,erlene.cook@gmail.com
Kelly,carroll.kelly@yahoo.com
Thornton,basilia.thornton@hotmail.com
Daniels,tricia.daniels@gmail.com
Hughes,kandace.hughes@hotmail.com
Norman,alejandro.norman@yahoo.com
Odom,rodney.odom@yahoo.com
Pierce,bettie.pierce@gmail.com
Owen,dagny.owen@hotmail.com
Poole,cinthia.poole@aol.com
Travis,sheila.travis@yahoo.com
Vinson,arcelia.vinson@gmail.com
Estes,lucas.estes@yahoo.com
Summers,marissa.summers@msn.com
Blanchard,kaley.blanchard@msn.com
Pope,wm.pope@msn.com
Mccall,rubye.mccall@hotmail.com
Rivera,adriene.rivera@hotmail.com
Christian,laurence.christian@gmail.com
Stanley,shirely.stanley@gmail.com
Mcfarland,danille.mcfarland@msn.com
Day,salena.day@msn.com
Larson,matilda.larson@hotmail.com
Kim,mellisa.kim@aol.com
Berger,vonda.berger@yahoo.com
Moses,soledad.moses@yahoo.com
Turner,lashandra.turner@hotmail.com
Anderson,lynne.anderson@msn.com
Webster,chasidy.webster@msn.com
Gaines,ulysses.gaines@aol.com
Lopez,euna.lopez@gmail.com
Key,cherelle.key@msn.com
Church,jeffry.church@msn.com
Dyer,cyndi.dyer@msn.com
Holmes,danilo.holmes@gmail.com
Lee,joni.lee@gmail.com
Atkinson,antony.atkinson@msn.com
Parsons,deanne.parsons@aol.com
Rojas,frederica.rojas@yahoo.com
Dickerson,emelda.dickerson@aol.com
Moran,rudolf.moran@gmail.com
Hendrix,benito.hendrix@gmail.com
Rivas,jonell.rivas@msn.com
Reeves,joi.reeves@msn.com
Mcdowell,leland.mcdowell@gmail.com
Estes,delaine.estes@yahoo.com
Juarez,genevieve.juarez@gmail.com
Dickson,kylee.dickson@gmail.com
Henry,renita.henry@msn.com
Kirkland,sarah.kirkland@aol.com
Lester,paul.lester@gmail.com
Vang,taisha.vang@yahoo.com
Reese,eliana.reese@hotmail.com
Dorsey,leonore.dorsey@yahoo.com
Frank,ashleigh.frank@gmail.com
Wagner,gabriel.wagner@msn.com
Eaton,margene.eaton@yahoo.com
Cardenas,toshia.cardenas@gmail.com
Blanchard,jamika.blanchard@gmail.com
Acosta,shery.acosta@yahoo.com
Saunders,jenna.saunders@aol.com
Pope,skye.pope@yahoo.com
Palmer,ana.palmer@yahoo.com
Hardin,eric.hardin@gmail.com
Ballard,basil.ballard@yahoo.com
Pitts,gabriel.pitts@gmail.com
Johnson,cayla.johnson@msn.com
Colon,sharika.colon@gmail.com
Henson,donnetta.henson@hotmail.com
Burke,leigh.burke@hotmail.com
Larson,deloris.larson@aol.com
Cobb,ehtel.cobb@hotmail.com
Byrd,evelina.byrd@msn.com
Browning,zulema.browning@gmail.com
Weiss,tressa.weiss@msn.com
Rogers,yvette.rogers@aol.com
Deleon,kiara.deleon@gmail.com
Cole,taylor.cole@gmail.com
James,myrtie.james@yahoo.com
Lott,ashton.lott@hotmail.com
Higgins,kara.higgins@aol.com
Higgins,tomeka.higgins@msn.com
Parsons,ronald.parsons@msn.com
Nolan,allison.nolan@gmail.com
Marks,derrick.marks@yahoo.com
Roth,yang.roth@aol.com
Wilkinson,melba.wilkinson@gmail.com
Mclaughlin,valentin.mclaughlin@hotmail.com
Garner,lewis.garner@gmail.com
Heath,ann.heath@msn.com
Maldonado,janelle.maldonado@gmail.com
Hicks,catrice.hicks@yahoo.com
Contreras,eli.contreras@hotmail.com
Bailey,rita.bailey@hotmail.com
Pena,laure.pena@yahoo.com
Melton,tilda.melton@msn.com
Davenport,florencio.davenport@yahoo.com
Harris,eun.harris@gmail.com
Browning,marylyn.browning@msn.com
Barnes,romana.barnes@yahoo.com
Lester,sam.lester@gmail.com
Larson,nicki.larson@yahoo.com
Rocha,antonetta.rocha@yahoo.com
Pope,shara.pope@msn.com
Hudson,trena.hudson@hotmail.com
Sykes,loraine.sykes@yahoo.com
Hood,alissa.hood@gmail.com
Schmidt,augustus.schmidt@msn.com
Sims,stacie.sims@hotmail.com
Green,brittni.green@msn.com
Garrison,etsuko.garrison@yahoo.com
Stanton,calandra.stanton@aol.com
Randolph,willis.randolph@yahoo.com
Glover,shawnda.glover@gmail.com
Baker,jennette.baker@gmail.com
Molina,elma.molina@msn.com
Henderson,adam.henderson@hotmail.com
Moore,ira.moore@gmail.com
Bowman,kermit.bowman@gmail.com
Wilkinson,gayle.wilkinson@yahoo.com
Hull,launa.hull@yahoo.com
Johns,myron.johns@msn.com
Wolfe,tuan.wolfe@aol.com
Pennington,mathilda.pennington@gmail.com
Perez,reatha.perez@aol.com
Thomas,arnita.thomas@gmail.com
Burks,amparo.burks@aol.com
Bell,jenny.bell@hotmail.com
Craft,laverne.craft@aol.com
Harmon,darcel.harmon@msn.com
Camacho,cecilia.camacho@yahoo.com
Cochran,pearlie.cochran@msn.com
Ryan,deirdre.ryan@yahoo.com
Elliott,yevette.elliott@aol.com
Downs,ladawn.downs@yahoo.com
Chang,dorothea.chang@gmail.com
Foreman,merlin.foreman@msn.com
Dunn,lanie.dunn@gmail.com
Gould,christoper.gould@aol.com
Huffman,norine.huffman@aol.com
Mccarty,alane.mccarty@hotmail.com
Joyner,charleen.joyner@aol.com
Fernandez,zella.fernandez@yahoo.com
Knox,collene.knox@msn.com
Nicholson,alysia.nicholson@hotmail.com
Whitaker,sharie.whitaker@hotmail.com
Cobb,diana.cobb@hotmail.com
Barron,morton.barron@msn.com
Harvey,camille.harvey@hotmail.com
O'neill,lolita.o'neill@aol.com
Briggs,terese.briggs@msn.com
Glover,majorie.glover@msn.com
Chan,vinnie.chan@aol.com
Silva,ezra.silva@msn.com
Bishop,jovita.bishop@aol.com
Olsen,kecia.olsen@msn.com
Spears,ilona.spears@gmail.com
Thompson,senaida.thompson@msn.com
Carney,larae.carney@msn.com
Hart,sebrina.hart@yahoo.com
Craig,kristofer.craig@yahoo.com
Mcgee,luciana.mcgee@msn.com
Fry,nicki.fry@hotmail.com
Shaffer,devin.shaffer@gmail.com
Osborne,erlinda.osborne@yahoo.com
Carroll,camila.carroll@yahoo.com
Wiggins,vicki.wiggins@hotmail.com
Steele,lois.steele@yahoo.com
Mcpherson,carola.mcpherson@hotmail.com
Cantrell,rochell.cantrell@yahoo.com
Sullivan,kasha.sullivan@hotmail.com
Dawson,viva.dawson@yahoo.com
Dalton,hue.dalton@hotmail.com
Rivers,andria.rivers@aol.com
Savage,hilary.savage@yahoo.com
Austin,lavona.austin@yahoo.com
Ford,doreatha.ford@yahoo.com
Mcleod,alina.mcleod@msn.com
Franco,aide.franco@msn.com
Hensley,genny.hensley@yahoo.com
Dominguez,melita.dominguez@msn.com
Jenkins,fannie.jenkins@msn.com
Banks,bobbi.banks@yahoo.com
Melton,gwenn.melton@yahoo.com
Castro,laci.castro@hotmail.com
Manning,evelina.manning@aol.com
Swanson,tania.swanson@yahoo.com
Schultz,laurel.schultz@hotmail.com
Conley,carolyne.conley@gmail.com
Greer,eldridge.greer@aol.com
Barnett,margret.barnett@gmail.com
Blackwell,oliva.blackwell@hotmail.com
Farley,oralia.farley@hotmail.com
Salazar,romaine.salazar@yahoo.com
Mckay,hermila.mckay@yahoo.com
Miranda,lloyd.miranda@hotmail.com
Gibbs,mandi.gibbs@gmail.com
May,hue.may@aol.com
Wilder,tomika.wilder@aol.com
Roth,graig.roth@aol.com
Greer,lamar.greer@gmail.com
Garcia,raymonde.garcia@aol.com
Downs,cira.downs@gmail.com
Chambers,marisa.chambers@msn.com
Hatfield,rod.hatfield@hotmail.com
Houston,quyen.houston@gmail.com
Schneider,han.schneider@gmail.com
Mathis,terrell.mathis@aol.com
Hayes,spring.hayes@hotmail.com
Hancock,lecia.hancock@hotmail.com
Arnold,twana.arnold@msn.com
Yates,yvone.yates@gmail.com
Melton,agatha.melton@yahoo.com
Stephenson,lavonda.stephenson@gmail.com
Sims,agnes.sims@aol.com
Lindsey,latricia.lindsey@hotmail.com
Wade,yolando.wade@hotmail.com
Mooney,nenita.mooney@hotmail.com
Hyde,kermit.hyde@hotmail.com
Merrill,angelique.merrill@gmail.com
Roberson,ilda.roberson@aol.com
Garrison,corrinne.garrison@yahoo.com
Merrill,major.merrill@aol.com
Gregory,ouida.gregory@aol.com
Riddle,tajuana.riddle@hotmail.com
Bullock,ricki.bullock@hotmail.com
Kent,celestine.kent@aol.com
Jacobson,debbra.jacobson@yahoo.com
Mills,kandis.mills@hotmail.com
Lane,wallace.lane@aol.com
Mitchell,malisa.mitchell@msn.com
Nolan,lilliam.nolan@msn.com
Gardner,tad.gardner@hotmail.com
Gallegos,petronila.gallegos@gmail.com
Nelson,yun.nelson@hotmail.com
Horn,edgar.horn@aol.com
Maynard,chantay.maynard@gmail.com
Mccarthy,donette.mccarthy@yahoo.com
Miranda,mariam.miranda@aol.com
Coffey,rosalie.coffey@gmail.com
Lamb,cathey.lamb@msn.com
Jacobson,alyse.jacobson@yahoo.com
Barron,india.barron@msn.com
Dunn,cris.dunn@yahoo.com
Rodgers,ophelia.rodgers@gmail.com
Sanders,barrett.sanders@aol.com
Cooper,bernardina.cooper@msn.com
Richards,douglas.richards@hotmail.com
Fowler,phillis.fowler@aol.com
Merritt,reyes.merritt@yahoo.com
Knowles,nathalie.knowles@aol.com
Dixon,vallie.dixon@yahoo.com
Simpson,elnora.simpson@yahoo.com
Nixon,ivelisse.nixon@aol.com
Johnston,shanti.johnston@gmail.com
Burgess,martha.burgess@msn.com
Mcclain,neville.mcclain@yahoo.com
Compton,ghislaine.compton@aol.com
Manning,leanna.manning@yahoo.com
Johnson,marshall.johnson@yahoo.com
Pratt,zelda.pratt@gmail.com
Wynn,joel.wynn@aol.com
Robertson,yahaira.robertson@yahoo.com
Mills,sandy.mills@gmail.com
Clark,cassidy.clark@hotmail.com
Watkins,kristy.watkins@gmail.com
Bush,tina.bush@aol.com
Rollins,veronika.rollins@yahoo.com
Byrd,kristel.byrd@hotmail.com
Stephenson,shay.stephenson@aol.com
Pickett,george.pickett@msn.com
Morton,renato.morton@msn.com
Rodriguez,marcy.rodriguez@gmail.com
Gaines,edmund.gaines@gmail.com
Berg,lory.berg@aol.com
Fowler,pamala.fowler@gmail.com
Emerson,leone.emerson@msn.com
Skinner,brain.skinner@hotmail.com
Maynard,roseanne.maynard@yahoo.com
Adams,corinna.adams@msn.com
Campbell,kellye.campbell@gmail.com
Sloan,erna.sloan@aol.com
Russell,carolann.russell@hotmail.com
Calhoun,gilbert.calhoun@msn.com
Maxwell,manie.maxwell@gmail.com
Robles,giselle.robles@hotmail.com
Farmer,tessie.farmer@msn.com
Munoz,felica.munoz@aol.com
Bush,kathyrn.bush@gmail.com
Chan,sylvester.chan@hotmail.com
Ellison,lizette.ellison@hotmail.com
Skinner,ernestina.skinner@hotmail.com
Hill,phyllis.hill@yahoo.com
Browning,stephanie.browning@yahoo.com
Buckner,arlena.buckner@hotmail.com
Thompson,lezlie.thompson@yahoo.com
Rojas,brittney.rojas@aol.com
Adkins,phylis.adkins@msn.com
Stark,lean.stark@msn.com
Guy,lara.guy@aol.com
Koch,inga.koch@msn.com
Kim,klara.kim@gmail.com
Shannon,julianne.shannon@hotmail.com
Mullen,loni.mullen@msn.com
Figueroa,olympia.figueroa@hotmail.com
Puckett,mellie.puckett@yahoo.com
Preston,shonta.preston@msn.com
Sykes,lore.sykes@aol.com
Joyner,julia.joyner@msn.com
Jackson,lynwood.jackson@aol.com
Hamilton,rosalva.hamilton@aol.com
Casey,domingo.casey@msn.com
Durham,rodrigo.durham@aol.com
Carlson,dwain.carlson@gmail.com
Humphrey,erlinda.humphrey@hotmail.com
Tate,silas.tate@yahoo.com
Clayton,patience.clayton@hotmail.com
Good,mila.good@yahoo.com
Sawyer,tanesha.sawyer@aol.com
Macdonald,onita.macdonald@yahoo.com
Manning,janine.manning@gmail.com
Melton,melodie.melton@yahoo.com
Ray,ethelyn.ray@yahoo.com
Turner,phebe.turner@aol.com
Patel,chloe.patel@yahoo.com
Harvey,hilda.harvey@gmail.com
Duke,gilberte.duke@gmail.com
Hardin,willian.hardin@msn.com
Hayden,janna.hayden@msn.com
May,letisha.may@yahoo.com
Cannon,graig.cannon@gmail.com
Navarro,coleen.navarro@aol.com
Williams,lucilla.williams@hotmail.com
George,rosanne.george@yahoo.com
Parrish,ashlie.parrish@hotmail.com
Craft,alissa.craft@hotmail.com
Cobb,letty.cobb@msn.com
Richard,nathaniel.richard@gmail.com
Key,elaina.key@msn.com
Gamble,stefani.gamble@aol.com
Acosta,bettyann.acosta@gmail.com
Velez,crysta.velez@yahoo.com
Carpenter,carisa.carpenter@hotmail.com
Davenport,jule.davenport@aol.com
Franks,lonna.franks@yahoo.com
Dejesus,elease.dejesus@gmail.com
Long,maira.long@msn.com
Thomas,jana.thomas@yahoo.com
Ramirez,hae.ramirez@hotmail.com
Leblanc,erik.leblanc@aol.com
Sampson,daina.sampson@msn.com
Wise,delmar.wise@yahoo.com
Salinas,alita.salinas@hotmail.com
William,elenore.william@msn.com
Roy,nikita.roy@aol.com
Key,inocencia.key@hotmail.com
Kerr,liliana.kerr@yahoo.com
O'neil,hortencia.o'neil@hotmail.com
Bennett,beryl.bennett@aol.com
Elliott,alishia.elliott@aol.com
Madden,vernia.madden@aol.com
Bullock,kristel.bullock@yahoo.com
Hoover,ruthanne.hoover@aol.com
Robles,james.robles@aol.com
Vargas,evelin.vargas@msn.com
Cardenas,elvia.cardenas@hotmail.com
Pitts,randee.pitts@msn.com
Irwin,lea.irwin@gmail.com
Monroe,bryce.monroe@aol.com
Mcintosh,katina.mcintosh@yahoo.com
Hart,guillermo.hart@hotmail.com
Barber,joann.barber@gmail.com
Ellis,thurman.ellis@gmail.com
Wagner,delana.wagner@aol.com
Bass,porter.bass@hotmail.com
Bean,yvonne.bean@yahoo.com
Rivers,lurline.rivers@msn.com
Slater,ocie.slater@msn.com
Miles,genevie.miles@aol.com
Wilcox,sherilyn.wilcox@gmail.com
Koch,aida.koch@gmail.com
O'connor,emory.o'connor@gmail.com
Hutchinson,maximina.hutchinson@hotmail.com
Hinton,marina.hinton@yahoo.com
Dickerson,danyell.dickerson@msn.com
Long,davis.long@msn.com
Mcmahon,lynn.mcmahon@msn.com
Henderson,tonja.henderson@aol.com
Ochoa,krissy.ochoa@msn.com
Bridges,angella.bridges@yahoo.com
Castro,angele.castro@yahoo.com
Lang,siobhan.lang@gmail.com
Frost,venessa.frost@msn.com
Solis,verna.solis@yahoo.com
Bender,steve.bender@gmail.com
Marquez,aileen.marquez@msn.com
Stevenson,kattie.stevenson@aol.com
Nash,hassan.nash@yahoo.com
Gilliam,delfina.gilliam@hotmail.com
Hewitt,venus.hewitt@msn.com
Vega,stephen.vega@msn.com
Koch,ciera.koch@gmail.com
Barber,christel.barber@hotmail.com
Lawson,arline.lawson@gmail.com
Wilcox,iva.wilcox@aol.com
Griffin,maple.griffin@gmail.com
Lang,anisha.lang@aol.com
Calderon,brent.calderon@aol.com
Osborn,margit.osborn@yahoo.com
Patel,novella.patel@gmail.com
Hebert,laurette.hebert@msn.com
Brown,jonna.brown@aol.com
Solis,jennell.solis@hotmail.com
Horton,ruth.horton@gmail.com
Warner,samual.warner@gmail.com
Mills,damian.mills@yahoo.com
Clayton,margaretta.clayton@yahoo.com
Barrett,marcell.barrett@gmail.com
Sanchez,annis.sanchez@aol.com
Cherry,ayanna.cherry@yahoo.com
Cox,barton.cox@yahoo.com
Reyes,diana.reyes@msn.com
Ellison,ingeborg.ellison@yahoo.com
Booth,carter.booth@msn.com
Cardenas,christel.cardenas@aol.com
Hunter,orval.hunter@aol.com
Berger,marguerite.berger@aol.com
Warren,ivette.warren@gmail.com
Weber,milagros.weber@hotmail.com
Lindsay,marcel.lindsay@hotmail.com
Powell,louis.powell@aol.com
Holmes,vanda.holmes@aol.com
Byers,loreen.byers@yahoo.com
Chapman,casimira.chapman@yahoo.com
Larson,brigida.larson@hotmail.com
Alston,chere.alston@gmail.com
Jefferson,giovanna.jefferson@gmail.com
Reese,demarcus.reese@gmail.com
Salazar,amina.salazar@aol.com
Clemons,serafina.clemons@gmail.com
Mcclain,trinidad.mcclain@msn.com
Chaney,heather.chaney@yahoo.com
Johns,latoya.johns@hotmail.com
Reeves,shiloh.reeves@msn.com
Roman,lee.roman@gmail.com
Williamson,cami.williamson@hotmail.com
Ross,sharell.ross@msn.com
Blackwell,jerald.blackwell@hotmail.com
Franco,ruthanne.franco@yahoo.com
Leonard,marjory.leonard@msn.com
Russell,jimmy.russell@hotmail.com
Pollard,berneice.pollard@hotmail.com
Cooley,deangelo.cooley@aol.com
Henry,katia.henry@msn.com
Gross,sebrina.gross@yahoo.com
Dale,josephine.dale@aol.com
Peck,alma.peck@aol.com
Newman,ling.newman@msn.com
Rosario,nichelle.rosario@hotmail.com
Benton,shenna.benton@msn.com
Bryan,philip.bryan@hotmail.com
Salinas,carita.salinas@yahoo.com
Herrera,janie.herrera@gmail.com
Marks,lorraine.marks@msn.com
Carlson,nicolas.carlson@yahoo.com
Mercer,hye.mercer@gmail.com
Blake,adena.blake@hotmail.com
Boyd,coleman.boyd@yahoo.com
Willis,daphine.willis@msn.com
Dawson,jenine.dawson@msn.com
Wiley,shanita.wiley@yahoo.com
Bonner,shanna.bonner@msn.com
Quinn,ping.quinn@gmail.com
Moses,saran.moses@yahoo.com
Bean,tonja.bean@aol.com
Knowles,vernon.knowles@yahoo.com
Skinner,jeannette.skinner@yahoo.com
Salas,rico.salas@msn.com
Hurley,tangela.hurley@msn.com
Lester,randee.lester@gmail.com
Hammond,ashanti.hammond@msn.com
Juarez,garry.juarez@hotmail.com
Baker,bee.baker@aol.com
Hammond,shantae.hammond@hotmail.com
Espinoza,bettye.espinoza@yahoo.com
Hays,larissa.hays@aol.com
Jones,diane.jones@gmail.com
Bruce,zenia.bruce@aol.com
Hogan,pasquale.hogan@aol.com
Mcdaniel,dane.mcdaniel@hotmail.com
Baker,jamaal.baker@hotmail.com
Burt,ji.burt@hotmail.com
Mcbride,marcelino.mcbride@hotmail.com
Fitzgerald,rozella.fitzgerald@yahoo.com
Fowler,tonisha.fowler@msn.com
Ford,zora.ford@gmail.com
Figueroa,parthenia.figueroa@msn.com
Levine,arielle.levine@yahoo.com
Christensen,hildegarde.christensen@hotmail.com
Espinoza,rebbecca.espinoza@hotmail.com
Boone,conchita.boone@gmail.com
Woods,aisha.woods@gmail.com
Harvey,season.harvey@yahoo.com
Cooley,tommie.cooley@yahoo.com
Barry,alanna.barry@yahoo.com
Guthrie,jerri.guthrie@msn.com
Austin,tammy.austin@yahoo.com
Russo,patsy.russo@gmail.com
Branch,desiree.branch@msn.com
Duncan,raeann.duncan@aol.com
Gillespie,lillia.gillespie@hotmail.com
Kaufman,doris.kaufman@gmail.com
Buck,rodolfo.buck@gmail.com
Mays,olimpia.mays@aol.com
Lyons,shemeka.lyons@msn.com
Henry,maryalice.henry@msn.com
Cross,leeanne.cross@yahoo.com
Guerra,lanelle.guerra@yahoo.com
Huff,dann.huff@gmail.com
Mercer,sherise.mercer@gmail.com
Perry,heather.perry@gmail.com
Barron,theresia.barron@aol.com
Ellis,cindi.ellis@yahoo.com
Duffy,mirella.duffy@yahoo.com
Macias,carson.macias@gmail.com
Madden,divina.madden@gmail.com
Alston,cher.alston@msn.com
Odom,regine.odom@msn.com
Thornton,adam.thornton@hotmail.com
Schwartz,cori.schwartz@msn.com
Gardner,willow.gardner@gmail.com
Henderson,jane.henderson@hotmail.com
Mcfadden,chere.mcfadden@yahoo.com
Erickson,ira.erickson@aol.com
Gallagher,risa.gallagher@yahoo.com
Cotton,lavinia.cotton@yahoo.com
Hodges,alejandrina.hodges@msn.com
Black,keitha.black@yahoo.com
Swanson,corene.swanson@aol.com
Webb,tonda.webb@yahoo.com
Dennis,collen.dennis@gmail.com
Dickerson,treasa.dickerson@hotmail.com
Reyes,jewell.reyes@hotmail.com
Acevedo,penny.acevedo@yahoo.com
Flowers,louise.flowers@yahoo.com
Wagner,henrietta.wagner@hotmail.com
Cooley,ardelia.cooley@aol.com
Robertson,khalilah.robertson@aol.com
Black,armando.black@gmail.com
Henry,jerri.henry@msn.com
Newman,lynda.newman@msn.com
Wade,bao.wade@gmail.com
Harding,gussie.harding@gmail.com
Cantrell,shirely.cantrell@aol.com
Jenkins,caroline.jenkins@msn.com
Rasmussen,hollis.rasmussen@yahoo.com
Harrington,kendra.harrington@yahoo.com
Blankenship,douglass.blankenship@hotmail.com
Meadows,lina.meadows@aol.com
Harper,patria.harper@msn.com
Hill,jeffrey.hill@gmail.com
Dillard,ja.dillard@yahoo.com
Dunlap,tora.dunlap@hotmail.com
Alvarez,karole.alvarez@gmail.com
Combs,shasta.combs@yahoo.com
Deleon,cicely.deleon@yahoo.com
O'neil,raphael.o'neil@aol.com
Reilly,hubert.reilly@hotmail.com
England,caleb.england@gmail.com
Levy,elmira.levy@gmail.com
Hart,waldo.hart@yahoo.com
Kane,bea.kane@aol.com
Sanders,gilberto.sanders@hotmail.com
Bender,benny.bender@aol.com
Rose,desmond.rose@hotmail.com
Holman,parthenia.holman@gmail.com
King,dung.king@aol.com
Alvarado,sherril.alvarado@hotmail.com
Albert,alisia.albert@gmail.com
Best,kallie.best@aol.com
Roberts,dottie.roberts@aol.com
Stone,hubert.stone@hotmail.com
Jones,gabriella.jones@hotmail.com
Hall,penney.hall@msn.com
Osborn,mallie.osborn@gmail.com
Schroeder,britteny.schroeder@aol.com
Hopkins,sommer.hopkins@gmail.com
Sparks,jewel.sparks@aol.com
Vega,deandrea.vega@gmail.com
Carson,charlsie.carson@hotmail.com
Ayers,kandace.ayers@gmail.com
Valdez,lenore.valdez@msn.com
Gilliam,drucilla.gilliam@hotmail.com
Reid,keturah.reid@yahoo.com
Reyes,herminia.reyes@gmail.com
Rosa,tuyet.rosa@aol.com
Vazquez,ara.vazquez@msn.com
Albert,barry.albert@gmail.com
Joyner,verdell.joyner@aol.com
Wade,han.wade@hotmail.com
Barton,anton.barton@msn.com
Pickett,vito.pickett@hotmail.com
Norris,charlene.norris@msn.com
Whitfield,efren.whitfield@gmail.com
Larson,santa.larson@gmail.com
Sellers,carmelina.sellers@hotmail.com
Hays,carmela.hays@aol.com
Tanner,patrina.tanner@gmail.com
Morrow,rikki.morrow@hotmail.com
Reese,junita.reese@gmail.com
Carter,ryan.carter@yahoo.com
Benjamin,almeta.benjamin@aol.com
Joyner,beatris.joyner@gmail.com
Chan,mechelle.chan@gmail.com
Pena,earlean.pena@yahoo.com
Clark,katherin.clark@yahoo.com
May,chanel.may@msn.com
Knapp,aaron.knapp@yahoo.com
Anderson,sindy.anderson@gmail.com
Blanchard,sheree.blanchard@gmail.com
Soto,charlesetta.soto@yahoo.com
Nash,wendie.nash@hotmail.com
Banks,vernetta.banks@aol.com
Gardner,myrtle.gardner@aol.com
Lawrence,agustina.lawrence@yahoo.com
Chapman,trinidad.chapman@aol.com
Clark,kim.clark@msn.com
Hebert,annabelle.hebert@aol.com
Stuart,corine.stuart@msn.com
Bond,kiesha.bond@aol.com
Mason,kenyetta.mason@msn.com
Curtis,marcene.curtis@msn.com
Goodman,sheila.goodman@msn.com
Steele,romeo.steele@msn.com
Fisher,tam.fisher@aol.com
Owens,gena.owens@gmail.com
Soto,phebe.soto@hotmail.com
Snyder,leticia.snyder@yahoo.com
Bridges,chantell.bridges@yahoo.com
Holt,ileana.holt@msn.com
Clay,nakisha.clay@gmail.com
Snyder,cheryll.snyder@yahoo.com
Collier,consuela.collier@msn.com
Durham,aubrey.durham@aol.com
Guy,nita.guy@hotmail.com
Emerson,carmina.emerson@hotmail.com
Rojas,georgeann.rojas@msn.com
Higgins,leslie.higgins@hotmail.com
Huber,emmaline.huber@gmail.com
Brown,mercy.brown@msn.com
Crosby,jenell.crosby@hotmail.com
Barr,leila.barr@yahoo.com
Cox,deandrea.cox@msn.com
Frank,shawnna.frank@hotmail.com
Whitaker,brenton.whitaker@gmail.com
Cummings,jaqueline.cummings@hotmail.com
Giles,yang.giles@gmail.com
Sharp,brigid.sharp@hotmail.com
Stephens,karl.stephens@gmail.com
Gates,elvina.gates@hotmail.com
Terrell,carlie.terrell@yahoo.com
Cantrell,donovan.cantrell@msn.com
Atkinson,alden.atkinson@gmail.com
Cross,carissa.cross@yahoo.com
Underwood,joy.underwood@gmail.com
O'donnell,geraldine.o'donnell@hotmail.com
Vargas,bronwyn.vargas@msn.com
Copeland,abram.copeland@gmail.com
Griffin,mellisa.griffin@msn.com
Jackson,qiana.jackson@gmail.com
Dixon,magali.dixon@msn.com
Clemons,zulema.clemons@aol.com
Lynch,carina.lynch@gmail.com
Burch,jesus.burch@hotmail.com
Vega,selene.vega@gmail.com
Guthrie,jong.guthrie@hotmail.com
Hebert,lise.hebert@gmail.com
Berg,joshua.berg@hotmail.com
Gonzales,georgina.gonzales@yahoo.com
Velez,rudolph.velez@yahoo.com
Kramer,luke.kramer@hotmail.com
Quinn,edgar.quinn@aol.com
Maynard,tara.maynard@hotmail.com
Perez,bella.perez@msn.com
Davidson,nathaniel.davidson@hotmail.com
Donaldson,chauncey.donaldson@aol.com
Reed,heide.reed@yahoo.com
Hardin,trang.hardin@yahoo.com
Warren,gabriela.warren@aol.com
Rasmussen,dale.rasmussen@aol.com
Cherry,tammie.cherry@hotmail.com
Herring,bethany.herring@yahoo.com
Dickerson,barbra.dickerson@gmail.com
Daugherty,neoma.daugherty@gmail.com
Roman,nanette.roman@yahoo.com
Rollins,adriene.rollins@msn.com
Fields,susannah.fields@hotmail.com
Reid,dung.reid@msn.com
Stone,ben.stone@gmail.com
Anderson,nubia.anderson@aol.com
Meyer,rosamaria.meyer@yahoo.com
Waters,todd.waters@yahoo.com
Nieves,kimbery.nieves@msn.com
Wolf,phuong.wolf@yahoo.com
Hancock,adelaida.hancock@aol.com
Hays,brianne.hays@gmail.com
Chandler,rufina.chandler@aol.com
Velazquez,devin.velazquez@aol.com
Marshall,bonita.marshall@msn.com
Gay,myrl.gay@hotmail.com
Gordon,earline.gordon@gmail.com
Chambers,sung.chambers@gmail.com
Gamble,gustavo.gamble@msn.com
Webb,ciera.webb@yahoo.com
Chan,roy.chan@hotmail.com
Vasquez,houston.vasquez@msn.com
Hale,cheree.hale@yahoo.com
Moses,odette.moses@gmail.com
Bonner,lenita.bonner@aol.com
Mcmillan,shona.mcmillan@msn.com
Irwin,piedad.irwin@hotmail.com
Graham,loan.graham@yahoo.com
Saunders,stan.saunders@yahoo.com
Colon,jackeline.colon@msn.com
Dawson,marlen.dawson@msn.com
Mack,alexis.mack@aol.com
Barry,mica.barry@yahoo.com
Spears,shanice.spears@msn.com
Huff,garth.huff@yahoo.com
Pratt,dione.pratt@msn.com
Pittman,victor.pittman@aol.com
Conley,allie.conley@msn.com
Anderson,shanelle.anderson@yahoo.com
Compton,minnie.compton@gmail.com
Bates,shiloh.bates@msn.com
Oliver,lakenya.oliver@yahoo.com
Kinney,sally.kinney@msn.com
Davenport,edith.davenport@gmail.com
Beasley,alline.beasley@yahoo.com
Whitley,travis.whitley@aol.com
West,vanessa.west@gmail.com
Riddle,trudy.riddle@aol.com
Edwards,shauna.edwards@msn.com
Donovan,clorinda.donovan@msn.com
Curtis,raven.curtis@aol.com
Gilbert,verda.gilbert@gmail.com
Atkins,renay.atkins@aol.com
Berg,tama.berg@hotmail.com
Carson,dalia.carson@aol.com
Swanson,america.swanson@msn.com
Rocha,cinda.rocha@hotmail.com
Howell,shea.howell@msn.com
Cline,kimberli.cline@yahoo.com
Mckee,emanuel.mckee@yahoo.com
Cannon,whitley.cannon@msn.com
Bird,tereasa.bird@aol.com
Grimes,dante.grimes@yahoo.com
Garrison,joeann.garrison@yahoo.com
Johnston,omega.johnston@gmail.com
Mueller,conrad.mueller@yahoo.com
Wells,glady.wells@gmail.com
Petty,tisha.petty@msn.com
Santiago,claris.santiago@msn.com
Barber,obdulia.barber@gmail.com
Gregory,shantel.gregory@yahoo.com
Forbes,ai.forbes@yahoo.com
Cotton,ebony.cotton@yahoo.com
Ellis,arla.ellis@yahoo.com
Sherman,magdalena.sherman@gmail.com
Guerrero,tarra.guerrero@aol.com
Romero,consuela.romero@hotmail.com
Franklin,cindie.franklin@yahoo.com
Brewer,sharyn.brewer@aol.com
Stevenson,karren.stevenson@aol.com
Reeves,divina.reeves@hotmail.com
Ross,novella.ross@gmail.com
Huff,omega.huff@aol.com
Finch,ashleigh.finch@yahoo.com
Lynch,corina.lynch@msn.com
Melton,joe.melton@gmail.com
Summers,bernetta.summers@aol.com
Snider,inez.snider@gmail.com
King,neida.king@aol.com
Velasquez,tona.velasquez@msn.com
Reyes,rozanne.reyes@aol.com
Pope,lekisha.pope@msn.com
Rodriquez,jama.rodriquez@msn.com
Tucker,eloisa.tucker@hotmail.com
Hunter,arie.hunter@msn.com
Webster,sanora.webster@msn.com
Barber,kate.barber@hotmail.com
Guerrero,yvone.guerrero@aol.com
Rios,kami.rios@yahoo.com
Rush,annett.rush@hotmail.com
Hardy,carman.hardy@yahoo.com
Miranda,dorothea.miranda@aol.com
Daniels,agatha.daniels@yahoo.com
Zamora,alexandria.zamora@yahoo.com
Gilliam,thad.gilliam@hotmail.com
Jennings,inger.jennings@yahoo.com
Lamb,karren.lamb@aol.com
Glover,noble.glover@gmail.com
Donaldson,octavia.donaldson@hotmail.com
Travis,latashia.travis@yahoo.com
Goodman,destiny.goodman@msn.com
Gross,christiana.gross@yahoo.com
Haynes,nestor.haynes@msn.com
Maynard,grisel.maynard@msn.com
Espinoza,shenna.espinoza@gmail.com
Rogers,trena.rogers@aol.com
Manning,lucile.manning@yahoo.com
Fulton,veronique.fulton@yahoo.com
Schneider,starr.schneider@aol.com
Rojas,rona.rojas@gmail.com
Estes,pandora.estes@aol.com
Williams,renna.williams@hotmail.com
Robbins,lanora.robbins@hotmail.com
Dillard,juliane.dillard@aol.com
Salinas,carlena.salinas@gmail.com
Reynolds,kimberley.reynolds@aol.com
Jacobson,johana.jacobson@gmail.com
Rosario,enoch.rosario@hotmail.com
Thornton,dorine.thornton@gmail.com
Lynch,eliz.lynch@hotmail.com
Brooks,mercedez.brooks@hotmail.com
Douglas,wynona.douglas@msn.com
Mcgowan,desire.mcgowan@msn.com
Sweeney,elmo.sweeney@yahoo.com
Hughes,kenton.hughes@gmail.com
Wilkins,cesar.wilkins@hotmail.com
Stout,phylicia.stout@aol.com
Harris,nanette.harris@hotmail.com
Chan,ulrike.chan@aol.com
Lloyd,genoveva.lloyd@aol.com
Chase,sheryl.chase@gmail.com
Lambert,trista.lambert@gmail.com
Deleon,vivian.deleon@msn.com
Fields,genny.fields@msn.com
Knight,eliseo.knight@msn.com
Bailey,delma.bailey@gmail.com
Herring,dewayne.herring@aol.com
Hood,nevada.hood@aol.com
Perry,angelika.perry@msn.com
Hart,shayla.hart@msn.com
Murphy,willetta.murphy@msn.com
Alvarado,sandee.alvarado@aol.com
Moody,mila.moody@gmail.com
Conway,loyce.conway@aol.com
Figueroa,thanh.figueroa@yahoo.com
Orr,farrah.orr@msn.com
Craft,hugh.craft@msn.com
Mendez,eleanor.mendez@yahoo.com
Bush,lamar.bush@msn.com
Finch,lurlene.finch@msn.com
Stevenson,shanda.stevenson@yahoo.com
Hunter,adrien.hunter@yahoo.com
Decker,ophelia.decker@yahoo.com
Walls,sonja.walls@aol.com
O'connor,harold.o'connor@gmail.com
Kennedy,miranda.kennedy@gmail.com
Castro,jasper.castro@aol.com
Best,penni.best@msn.com
Cotton,lurlene.cotton@yahoo.com
Noble,kelsey.noble@hotmail.com
Barrett,edris.barrett@hotmail.com
Jacobson,tempie.jacobson@hotmail.com
Cervantes,dollie.cervantes@aol.com
Cole,lashunda.cole@hotmail.com
Jenkins,justina.jenkins@msn.com
Gould,londa.gould@aol.com
Wilkerson,mikel.wilkerson@msn.com
Johns,carola.johns@msn.com
Justice,lorrie.justice@gmail.com
Wade,tayna.wade@hotmail.com
Benton,mark.benton@aol.com
Cameron,zona.cameron@aol.com
Knight,nicola.knight@aol.com
Miles,elana.miles@yahoo.com
Fowler,merrie.fowler@aol.com
Ayers,macie.ayers@msn.com
Warner,son.warner@hotmail.com
Dunn,lee.dunn@aol.com
Little,florrie.little@yahoo.com
Rollins,ernest.rollins@yahoo.com
Morrison,jamaal.morrison@msn.com
Cline,cassie.cline@gmail.com
Lamb,lezlie.lamb@gmail.com
Estes,ivette.estes@gmail.com
Acevedo,ester.acevedo@gmail.com
